timestamp_iso,jobid,last_sync_epoch,now_epoch,age_seconds,state,fail_count
"2026-04-25T08:34:15Z","162-0",1777106044,"1777106055",11,"unknown",0
"2026-04-25T08:34:15Z","162-1",1777106047,"1777106055",8,"unknown",0
"2026-04-25T08:34:26Z","162-0",1777106044,"1777106066",22,"unknown",0
"2026-04-25T08:34:26Z","162-1",1777106047,"1777106066",19,"unknown",0
"2026-04-25T08:34:36Z","162-0",1777106044,"1777106076",32,"unknown",0
"2026-04-25T08:34:36Z","162-1",1777106047,"1777106076",29,"unknown",0
"2026-04-25T08:34:47Z","162-0",1777106044,"1777106087",43,"unknown",0
"2026-04-25T08:34:47Z","162-1",1777106047,"1777106087",40,"unknown",0
"2026-04-25T08:34:58Z","162-0",1777106044,"1777106098",54,"unknown",0
"2026-04-25T08:34:58Z","162-1",1777106047,"1777106098",51,"unknown",0
"2026-04-25T08:35:09Z","162-0",1777106104,"1777106109",5,"unknown",0
"2026-04-25T08:35:09Z","162-1",1777106107,"1777106109",2,"unknown",0
"2026-04-25T08:35:20Z","162-0",1777106104,"1777106120",16,"unknown",0
"2026-04-25T08:35:20Z","162-1",1777106107,"1777106120",13,"unknown",0
"2026-04-25T08:35:31Z","162-0",1777106104,"1777106131",27,"unknown",0
"2026-04-25T08:35:31Z","162-1",1777106107,"1777106131",24,"unknown",0
"2026-04-25T08:35:41Z","162-0",1777106104,"1777106141",37,"unknown",0
"2026-04-25T08:35:41Z","162-1",1777106107,"1777106141",34,"unknown",0
"2026-04-25T08:35:52Z","162-0",1777106104,"1777106152",48,"unknown",0
"2026-04-25T08:35:52Z","162-1",1777106107,"1777106152",45,"unknown",0
"2026-04-25T08:36:03Z","162-0",1777106104,"1777106163",59,"unknown",0
"2026-04-25T08:36:03Z","162-1",1777106107,"1777106163",56,"unknown",0
"2026-04-25T08:36:13Z","162-0",1777106164,"1777106173",9,"unknown",0
"2026-04-25T08:36:13Z","162-1",1777106167,"1777106173",6,"unknown",0
"2026-04-25T08:36:24Z","162-0",1777106164,"1777106184",20,"unknown",0
"2026-04-25T08:36:24Z","162-1",1777106167,"1777106184",17,"unknown",0
"2026-04-25T08:36:35Z","162-0",1777106164,"1777106195",31,"unknown",0
"2026-04-25T08:36:35Z","162-1",1777106167,"1777106195",28,"unknown",0
"2026-04-25T08:36:46Z","162-0",1777106164,"1777106206",42,"unknown",0
"2026-04-25T08:36:46Z","162-1",1777106167,"1777106206",39,"unknown",0
"2026-04-25T08:36:57Z","162-0",1777106164,"1777106217",53,"unknown",0
"2026-04-25T08:36:57Z","162-1",1777106167,"1777106217",50,"unknown",0
"2026-04-25T08:37:07Z","162-0",1777106164,"1777106227",63,"unknown",0
"2026-04-25T08:37:07Z","162-1",1777106167,"1777106227",60,"unknown",0
"2026-04-25T08:37:18Z","162-0",1777106224,"1777106238",14,"unknown",0
"2026-04-25T08:37:18Z","162-1",1777106235,"1777106238",3,"unknown",0
"2026-04-25T08:37:29Z","162-0",1777106224,"1777106249",25,"unknown",0
"2026-04-25T08:37:29Z","162-1",1777106235,"1777106249",14,"unknown",0
"2026-04-25T08:37:40Z","162-0",1777106224,"1777106260",36,"unknown",0
"2026-04-25T08:37:40Z","162-1",1777106235,"1777106260",25,"unknown",0
"2026-04-25T08:37:51Z","162-0",1777106224,"1777106271",47,"unknown",0
"2026-04-25T08:37:51Z","162-1",1777106235,"1777106271",36,"unknown",0
"2026-04-25T08:38:02Z","162-0",1777106224,"1777106282",58,"unknown",0
"2026-04-25T08:38:02Z","162-1",1777106235,"1777106282",47,"unknown",0
"2026-04-25T08:38:12Z","162-0",1777106284,"1777106292",8,"unknown",0
"2026-04-25T08:38:12Z","162-1",1777106287,"1777106292",5,"unknown",0
"2026-04-25T08:38:23Z","162-0",1777106284,"1777106303",19,"unknown",0
"2026-04-25T08:38:23Z","162-1",1777106287,"1777106303",16,"unknown",0
"2026-04-25T08:38:34Z","162-0",1777106284,"1777106314",30,"unknown",0
"2026-04-25T08:38:34Z","162-1",1777106287,"1777106314",27,"unknown",0
"2026-04-25T08:38:45Z","162-0",1777106284,"1777106325",41,"unknown",0
"2026-04-25T08:38:45Z","162-1",1777106287,"1777106325",38,"unknown",0
"2026-04-25T08:38:56Z","162-0",1777106284,"1777106336",52,"unknown",0
"2026-04-25T08:38:56Z","162-1",1777106287,"1777106336",49,"unknown",0
"2026-04-25T08:39:06Z","162-0",1777106344,"1777106346",2,"unknown",0
"2026-04-25T08:39:06Z","162-1",1777106287,"1777106346",59,"unknown",0
"2026-04-25T08:39:17Z","162-0",1777106344,"1777106357",13,"unknown",0
"2026-04-25T08:39:17Z","162-1",1777106347,"1777106357",10,"unknown",0
"2026-04-25T08:39:28Z","162-0",1777106344,"1777106368",24,"unknown",0
"2026-04-25T08:39:28Z","162-1",1777106347,"1777106368",21,"unknown",0
"2026-04-25T08:39:39Z","162-0",1777106344,"1777106379",35,"unknown",0
"2026-04-25T08:39:39Z","162-1",1777106347,"1777106379",32,"unknown",0
"2026-04-25T08:39:50Z","162-0",1777106344,"1777106390",46,"unknown",0
"2026-04-25T08:39:50Z","162-1",1777106347,"1777106390",43,"unknown",0
"2026-04-25T08:40:00Z","162-0",1777106344,"1777106400",56,"unknown",0
"2026-04-25T08:40:00Z","162-1",1777106347,"1777106400",53,"unknown",0
"2026-04-25T08:40:11Z","162-0",1777106404,"1777106411",7,"unknown",0
"2026-04-25T08:40:11Z","162-1",1777106407,"1777106411",4,"unknown",0
"2026-04-25T08:40:22Z","162-0",1777106404,"1777106422",18,"unknown",0
"2026-04-25T08:40:22Z","162-1",1777106407,"1777106422",15,"unknown",0
"2026-04-25T08:40:33Z","162-0",1777106404,"1777106433",29,"unknown",0
"2026-04-25T08:40:33Z","162-1",1777106407,"1777106433",26,"unknown",0
"2026-04-25T08:40:43Z","162-0",1777106404,"1777106443",39,"unknown",0
"2026-04-25T08:40:43Z","162-1",1777106407,"1777106443",36,"unknown",0
"2026-04-25T08:40:54Z","162-0",1777106404,"1777106454",50,"unknown",0
"2026-04-25T08:40:54Z","162-1",1777106407,"1777106454",47,"unknown",0
"2026-04-25T08:41:05Z","162-0",1777106404,"1777106465",61,"unknown",0
"2026-04-25T08:41:05Z","162-1",1777106407,"1777106465",58,"unknown",0
"2026-04-25T08:41:16Z","162-0",1777106464,"1777106476",12,"unknown",0
"2026-04-25T08:41:16Z","162-1",1777106467,"1777106476",9,"unknown",0
"2026-04-25T08:41:26Z","162-0",1777106464,"1777106486",22,"unknown",0
"2026-04-25T08:41:26Z","162-1",1777106467,"1777106486",19,"unknown",0
"2026-04-25T08:41:37Z","162-0",1777106464,"1777106497",33,"unknown",0
"2026-04-25T08:41:37Z","162-1",1777106467,"1777106497",30,"unknown",0
"2026-04-25T08:41:48Z","162-0",1777106464,"1777106508",44,"unknown",0
"2026-04-25T08:41:48Z","162-1",1777106467,"1777106508",41,"unknown",0
"2026-04-25T08:41:59Z","162-0",1777106464,"1777106519",55,"unknown",0
"2026-04-25T08:41:59Z","162-1",1777106467,"1777106519",52,"unknown",0
"2026-04-25T08:42:10Z","162-0",1777106524,"1777106530",6,"unknown",0
"2026-04-25T08:42:10Z","162-1",1777106526,"1777106530",4,"unknown",0
"2026-04-25T08:42:21Z","162-0",1777106524,"1777106541",17,"unknown",0
"2026-04-25T08:42:21Z","162-1",1777106526,"1777106541",15,"unknown",0
"2026-04-25T08:42:31Z","162-0",1777106524,"1777106551",27,"unknown",0
"2026-04-25T08:42:31Z","162-1",1777106526,"1777106551",25,"unknown",0
"2026-04-25T08:42:42Z","162-0",1777106524,"1777106562",38,"unknown",0
"2026-04-25T08:42:42Z","162-1",1777106526,"1777106562",36,"unknown",0
"2026-04-25T08:42:53Z","162-0",1777106524,"1777106573",49,"unknown",0
"2026-04-25T08:42:53Z","162-1",1777106526,"1777106573",47,"unknown",0
"2026-04-25T08:43:04Z","162-0",1777106524,"1777106584",60,"unknown",0
"2026-04-25T08:43:04Z","162-1",1777106526,"1777106584",58,"unknown",0
"2026-04-25T08:43:15Z","162-0",1777106584,"1777106595",11,"unknown",0
"2026-04-25T08:43:15Z","162-1",1777106586,"1777106595",9,"unknown",0
"2026-04-25T08:43:26Z","162-0",1777106584,"1777106606",22,"unknown",0
"2026-04-25T08:43:26Z","162-1",1777106586,"1777106606",20,"unknown",0
"2026-04-25T08:43:36Z","162-0",1777106584,"1777106616",32,"unknown",0
"2026-04-25T08:43:36Z","162-1",1777106586,"1777106616",30,"unknown",0
"2026-04-25T08:43:47Z","162-0",1777106584,"1777106627",43,"unknown",0
"2026-04-25T08:43:47Z","162-1",1777106586,"1777106627",41,"unknown",0
"2026-04-25T08:43:58Z","162-0",1777106584,"1777106638",54,"unknown",0
"2026-04-25T08:43:58Z","162-1",1777106586,"1777106638",52,"unknown",0
"2026-04-25T08:44:09Z","162-0",1777106644,"1777106649",5,"unknown",0
"2026-04-25T08:44:09Z","162-1",1777106646,"1777106649",3,"unknown",0
"2026-04-25T08:44:19Z","162-0",1777106644,"1777106659",15,"unknown",0
"2026-04-25T08:44:19Z","162-1",1777106646,"1777106659",13,"unknown",0
"2026-04-25T08:44:30Z","162-0",1777106644,"1777106670",26,"unknown",0
"2026-04-25T08:44:30Z","162-1",1777106646,"1777106670",24,"unknown",0
"2026-04-25T08:44:41Z","162-0",1777106644,"1777106681",37,"unknown",0
"2026-04-25T08:44:41Z","162-1",1777106646,"1777106681",35,"unknown",0
"2026-04-25T08:44:52Z","162-0",1777106644,"1777106692",48,"unknown",0
"2026-04-25T08:44:52Z","162-1",1777106646,"1777106692",46,"unknown",0
"2026-04-25T08:45:03Z","162-0",1777106644,"1777106703",59,"unknown",0
"2026-04-25T08:45:03Z","162-1",1777106646,"1777106703",57,"unknown",0
"2026-04-25T08:45:14Z","162-0",1777106704,"1777106714",10,"unknown",0
"2026-04-25T08:45:14Z","162-1",1777106707,"1777106714",7,"unknown",0
"2026-04-25T08:45:24Z","162-0",1777106704,"1777106724",20,"unknown",0
"2026-04-25T08:45:24Z","162-1",1777106707,"1777106724",17,"unknown",0
"2026-04-25T08:45:35Z","162-0",1777106704,"1777106735",31,"unknown",0
"2026-04-25T08:45:35Z","162-1",1777106707,"1777106735",28,"unknown",0
"2026-04-25T08:45:46Z","162-0",1777106704,"1777106746",42,"unknown",0
"2026-04-25T08:45:46Z","162-1",1777106707,"1777106746",39,"unknown",0
"2026-04-25T08:45:56Z","162-0",1777106704,"1777106756",52,"unknown",0
"2026-04-25T08:45:56Z","162-1",1777106707,"1777106756",49,"unknown",0
"2026-04-25T08:46:07Z","162-0",1777106764,"1777106767",3,"unknown",0
"2026-04-25T08:46:07Z","162-1",1777106766,"1777106767",1,"unknown",0
"2026-04-25T08:46:18Z","162-0",1777106764,"1777106778",14,"unknown",0
"2026-04-25T08:46:18Z","162-1",1777106766,"1777106778",12,"unknown",0
"2026-04-25T08:46:29Z","162-0",1777106764,"1777106789",25,"unknown",0
"2026-04-25T08:46:29Z","162-1",1777106766,"1777106789",23,"unknown",0
"2026-04-25T08:46:40Z","162-0",1777106764,"1777106800",36,"unknown",0
"2026-04-25T08:46:40Z","162-1",1777106766,"1777106800",34,"unknown",0
"2026-04-25T08:46:50Z","162-0",1777106764,"1777106810",46,"unknown",0
"2026-04-25T08:46:50Z","162-1",1777106766,"1777106810",44,"unknown",0
"2026-04-25T08:47:01Z","162-0",1777106764,"1777106821",57,"unknown",0
"2026-04-25T08:47:01Z","162-1",1777106766,"1777106821",55,"unknown",0
"2026-04-25T08:47:12Z","162-0",1777106824,"1777106832",8,"unknown",0
"2026-04-25T08:47:12Z","162-1",1777106827,"1777106832",5,"unknown",0
"2026-04-25T08:47:23Z","162-0",1777106824,"1777106843",19,"unknown",0
"2026-04-25T08:47:23Z","162-1",1777106827,"1777106843",16,"unknown",0
"2026-04-25T08:47:33Z","162-0",1777106824,"1777106853",29,"unknown",0
"2026-04-25T08:47:33Z","162-1",1777106827,"1777106853",26,"unknown",0
"2026-04-25T08:47:44Z","162-0",1777106824,"1777106864",40,"unknown",0
"2026-04-25T08:47:44Z","162-1",1777106827,"1777106864",37,"unknown",0
"2026-04-25T08:47:55Z","162-0",1777106824,"1777106875",51,"unknown",0
"2026-04-25T08:47:55Z","162-1",1777106827,"1777106875",48,"unknown",0
"2026-04-25T08:48:06Z","162-0",1777106884,"1777106886",2,"unknown",0
"2026-04-25T08:48:06Z","162-1",1777106827,"1777106886",59,"unknown",0
"2026-04-25T08:48:16Z","162-0",1777106884,"1777106896",12,"unknown",0
"2026-04-25T08:48:16Z","162-1",1777106887,"1777106896",9,"unknown",0
"2026-04-25T08:48:27Z","162-0",1777106884,"1777106907",23,"unknown",0
"2026-04-25T08:48:27Z","162-1",1777106887,"1777106907",20,"unknown",0
"2026-04-25T08:48:38Z","162-0",1777106884,"1777106918",34,"unknown",0
"2026-04-25T08:48:38Z","162-1",1777106887,"1777106918",31,"unknown",0
"2026-04-25T08:48:49Z","162-0",1777106884,"1777106929",45,"unknown",0
"2026-04-25T08:48:49Z","162-1",1777106887,"1777106929",42,"unknown",0
"2026-04-25T08:49:00Z","162-0",1777106884,"1777106940",56,"unknown",0
"2026-04-25T08:49:00Z","162-1",1777106887,"1777106940",53,"unknown",0
"2026-04-25T08:49:10Z","162-0",1777106944,"1777106950",6,"unknown",0
"2026-04-25T08:49:10Z","162-1",1777106947,"1777106950",3,"unknown",0
"2026-04-25T08:49:21Z","162-0",1777106944,"1777106961",17,"unknown",0
"2026-04-25T08:49:21Z","162-1",1777106947,"1777106961",14,"unknown",0
"2026-04-25T08:49:32Z","162-0",1777106944,"1777106972",28,"unknown",0
"2026-04-25T08:49:32Z","162-1",1777106947,"1777106972",25,"unknown",0
"2026-04-25T08:49:43Z","162-0",1777106944,"1777106983",39,"unknown",0
"2026-04-25T08:49:43Z","162-1",1777106947,"1777106983",36,"unknown",0
"2026-04-25T08:49:53Z","162-0",1777106944,"1777106993",49,"unknown",0
"2026-04-25T08:49:53Z","162-1",1777106947,"1777106993",46,"unknown",0
"2026-04-25T08:50:04Z","162-0",1777106944,"1777107004",60,"unknown",0
"2026-04-25T08:50:04Z","162-1",1777106947,"1777107004",57,"unknown",0
"2026-04-25T08:50:15Z","162-0",1777107004,"1777107015",11,"unknown",0
"2026-04-25T08:50:15Z","162-1",1777107007,"1777107015",8,"unknown",0
